{
  "_fv": 33,
  "_type": "armor",
  "definition": {
    "enableHelmet": true,
    "textureHelmet": "swat_helmet_screenshot",
    "enableBody": true,
    "textureBody": "dgsy",
    "enableLeggings": true,
    "textureLeggings": "dgsy",
    "enableBoots": true,
    "textureBoots": "dgsy",
    "creativeTab": {
      "value": "COMBAT"
    },
    "armorTextureFile": "test_arniryr",
    "helmetName": "Swat Helmet",
    "bodyName": "Swat Vest",
    "leggingsName": "Swat Pants",
    "bootsName": "Swat Boots",
    "helmetSpecialInfo": [],
    "bodySpecialInfo": [],
    "leggingsSpecialInfo": [],
    "bootsSpecialInfo": [],
    "helmetModelName": "ModelSwat_Armor",
    "helmetModelPart": "Helmet",
    "helmetModelTexture": "swat_armor_texblack.png",
    "bodyModelName": "ModelSwat_Armor",
    "bodyModelPart": "Body",
    "armsModelPartL": "LeftArm",
    "armsModelPartR": "RightArm",
    "bodyModelTexture": "swat_armor_texblack.png",
    "leggingsModelName": "ModelSwat_Armor",
    "leggingsModelPartL": "LeftLeg",
    "leggingsModelPartR": "RightLeg",
    "leggingsModelTexture": "swat_armor_texblack.png",
    "bootsModelName": "ModelSwat_Armor",
    "bootsModelPartL": "Leftboot",
    "bootsModelPartR": "Rightboot",
    "bootsModelTexture": "swat_armor_texblack.png",
    "helmetImmuneToFire": false,
    "bodyImmuneToFire": false,
    "leggingsImmuneToFire": false,
    "bootsImmuneToFire": false,
    "maxDamage": 25,
    "damageValueHelmet": 2,
    "damageValueBody": 6,
    "damageValueLeggings": 5,
    "damageValueBoots": 2,
    "enchantability": 9,
    "toughness": 0.5,
    "knockbackResistance": 0.0,
    "equipSound": {
      "value": "item.armor.equip_leather"
    },
    "repairItems": [
      {
        "value": "Items.LEATHER"
      },
      {
        "value": "Items.IRON_INGOT"
      }
    ]
  }
}